<?xml version="1.0" encoding="UTF-8"?><rss version="2.0"
	xmlns:content="http://purl.org/rss/1.0/modules/content/"
	xmlns:dc="http://purl.org/dc/elements/1.1/"
	xmlns:atom="http://www.w3.org/2005/Atom"
	xmlns:sy="http://purl.org/rss/1.0/modules/syndication/"
	
	>
<channel>
	<title>
	Comments for Wiremesh	</title>
	<atom:link href="/comments/feed" rel="self" type="application/rss+xml" />
	<link>/</link>
	<description></description>
	<lastBuildDate>Tue, 24 Jan 2023 13:06:26 +0000</lastBuildDate>
	<sy:updatePeriod>
	hourly	</sy:updatePeriod>
	<sy:updateFrequency>
	1	</sy:updateFrequency>
	<generator>https://wordpress.org/?v=6.1.1</generator>
</channel>
</rss>

<!-- plugin=object-cache-pro client=PhpRedis metric#hits=512 metric#misses=11 metric#hit-ratio=97.9 metric#bytes=299915 metric#prefetches=0 metric#store-reads=25 metric#store-writes=3 metric#store-hits=17 metric#store-misses=8 metric#sql-queries=8 metric#ms-total=544.98 metric#ms-cache=11.71 metric#ms-cache-median=0.12 metric#ms-cache-ratio=2.2 sample#redis-hits=90770867 sample#redis-misses=63835348 sample#redis-hit-ratio=58.7 sample#redis-ops-per-sec=130 sample#redis-evicted-keys=0 sample#redis-used-memory=24065264 sample#redis-used-memory-rss=29974528 sample#redis-memory-fragmentation-ratio=1.2 sample#redis-connected-clients=3 sample#redis-tracking-clients=0 sample#redis-rejected-connections=0 sample#redis-keys=33240 -->
